{"hand_loss":0.013161812263623838,"val_hand_loss":0.015075763044206752,"val_obj_iou":0.45576432058711114,"train_accuracy":0.9705573080967402,"obj_iou":0.5090022775903736,"val_accuracy":0.8733431516936672,"_step":65,"val_loss":1.320118457912872,"epoch":22,"hand_iou":0.3896725347930122,"_wandb":{"runtime":33435},"class_loss":0.1110896048266841,"object_loss":0.010036186800529945,"_timestamp":1.7407206322535646e+09,"train_loss":0.5750495872495888,"val_class_loss":0.7541884891388378,"_runtime":33435.185367835,"validation_visuals":{"sha256":"864eefa372ec94e6749bcf138a29a347cb92b38a615cc2214c2c957af9d5a0f9","size":209660,"path":"media/images/validation_visuals_64_864eefa372ec94e6749b.png","format":"png","width":2000,"height":1500,"_type":"image-file"},"val_obj_loss":0.0132207351257347,"val_hand_iou":0.3540432191781689}