{"_timestamp":1.740697286437433e+09,"heat_iou":1.828365767665736e-06,"_runtime":505.147103066,"val_heat_iou":0.029919816488466467,"heat_loss":7.37534142632932e-07,"_wandb":{"runtime":512},"val_accuracy":0.05242334322453017,"train_loss":0.0005771873916311571,"train_accuracy":0,"val_heat_loss":0.004282962530851364,"class_loss":0.0005624366964341818,"val_loss":4.755199567736315,"validation_visuals":{"sha256":"2998055f7f6411c6ad324b07794d875b781d55614330e53e4ecbe1a654ec7824","size":231120,"path":"media/images/validation_visuals_1_2998055f7f6411c6ad32.png","format":"png","width":2000,"height":1500,"_type":"image-file"},"_step":3,"val_class_loss":4.669540540636706,"epoch":2}