{"obj_iou":0.4877738971173706,"class_loss":0.11251992026476518,"val_obj_iou":0.47807339054787246,"_step":65,"epoch":22,"val_loss":1.3640761341467198,"val_hand_loss":0.017109949933216215,"train_loss":0.5446361156727426,"object_loss":0.009496418843024955,"val_hand_iou":0.32991783882681963,"val_accuracy":0.8402555910543131,"train_accuracy":0.9689401216778738,"hand_iou":0.382189095287494,"_wandb":{"runtime":30980},"_runtime":30980.07415347,"hand_loss":0.012109390874285928,"validation_visuals":{"format":"png","width":2000,"height":1500,"_type":"image-file","sha256":"9d532a7a83af341a9e41f50583d4ea31e8532758fbd6d6a8a8634861e7afdbe4","size":125938,"path":"media/images/validation_visuals_64_9d532a7a83af341a9e41.png"},"val_class_loss":0.7366385873193924,"_timestamp":1.7406857943119702e+09,"val_obj_loss":0.014261927640886782}