{"class_loss":3.968665503609565,"epoch":1,"_step":0,"hand_loss":1738.266392598748,"object_loss":3551.419987169081,"train_accuracy":0.04161290322580645,"_wandb":{"runtime":1294},"_timestamp":1.7401656846253488e+09,"_runtime":1293.052084235,"train_loss":105797.69626797584}